Job Title,Company,Location,Date Posted
Licensed conveyancer,Abbott and Sons,"Benjaminland, AP",2021-04-08
Software Developer (Python),Adams-Brewer,"Brockburgh, AE",2021-04-08
Trade union research officer,"Aguilar, Rivera and Quinn","New Jimmyton, AE",2021-04-08
Dispensing optician,"Bailey, Owen and Thompson","Jamesville, AA",2021-04-08
Air cabin crew,Berry-Houston,"South Jorgeside, AP",2021-04-08
Forest/woodland manager,"Blankenship, Knight and Powell","Millsbury, AE",2021-04-08
"Programmer, applications",Bradley LLC,"Reyesstad, AE",2021-04-08
"Librarian, academic",Brooks Inc,"Tuckertown, AE",2021-04-08
"Editor, film/video","Brown, Price and Campbell","West Stephanie, AP",2021-04-08
"Surveyor, land/geomatics",Brown-Ortiz,"Joshuatown, AE",2021-04-08
Futures trader,"Bryant, Santana and Davenport","Zacharyport, AA",2021-04-08
Meteorologist,Bush PLC,"Kelseystad, AA",2021-04-08
Arts development officer,Camacho-Sanchez,"Philipland, AP",2021-04-08
Architect,"Clark, Garcia and Sosa","Figueroaview, AA",2021-04-08
Systems developer,Collins Group,"New Elizabethtown, AA",2021-04-08
Python Programmer (Entry-Level),Cooper and Sons,"West Victor, AE",2021-04-08
Surgeon,Cruz-Brown,"West Jessicabury, AA",2021-04-08
Materials engineer,"Davis, Serrano and Cook","South Tammyberg, AP",2021-04-08
"Engineer, communications",Dixon Inc,"Wrightberg, AP",2021-04-08
Neurosurgeon,"Donovan, Gonzalez and Figueroa","Port Aaron, AP",2021-04-08
Health and safety adviser,Eaton PLC,"North Stephen, AE",2021-04-08
Ophthalmologist,"Fisher, Ryan and Coleman","Wilsonmouth, AA",2021-04-08
Graphic designer,Flores-Nelson,"Charlesstad, AE",2021-04-08
Ship broker,"Fuentes, Walls and Castro","Michelleville, AP",2021-04-08
Software Engineer (Python),Garcia PLC,"Ericberg, AE",2021-04-08
Manufacturing systems engineer,Garcia PLC,"Joybury, AE",2021-04-08
Product/process development scientist,Gomez-Carroll,"Marktown, AA",2021-04-08
Tour manager,Gonzales-Frank,"Arnoldhaven, AE",2021-04-08
"Scientist, forensic",Gonzalez LLC,"Colehaven, AP",2021-04-08
Interpreter,Gregory and Sons,"Ramireztown, AE",2021-04-08
"Nurse, adult",Harris PLC,"Larrytown, AE",2021-04-08
Legal executive,Hartman PLC,"West Ericstad, AA",2021-04-08
Retail banker,Hill LLC,"Port Billy, AP",2021-04-08
"Radiographer, diagnostic",Holder LLC,"Jacobshire, AP",2021-04-08
Field seismologist,Howard Group,"Seanfurt, AA",2021-04-08
Television floor manager,Hughes-Williams,"Osbornetown, AE",2021-04-08
"Back-End Web Developer (Python, Django)","Jackson, Ali and Mckee","New Elizabethside, AA",2021-04-08
Legal executive,"Jackson, Chambers and Levy","Port Ericaburgh, AA",2021-04-08
"Producer, television/film/video","Johnson, Wells and Kramer","Emmatown, AE",2021-04-08
Waste management officer,"Jones, Williams and Villa","Scotttown, AP",2021-04-08
Media planner,Kim-Miles,"North Johnland, AE",2021-04-08
Chief Strategy Officer,Kramer-Edwards,"Williambury, AA",2021-04-08
Physiological scientist,Kramer-Klein,"South Christopher, AE",2021-04-08
Chartered loss adjuster,Leblanc LLC,"Lake Antonio, AA",2021-04-08
Ecologist,"Lee, Gutierrez and Brown","Lauraton, AP",2021-04-08
"Programmer, multimedia","Lewis, Gonzalez and Vasquez","Port Cory, AE",2021-04-08
Jewellery designer,Li-Gregory,"Adamburgh, AA",2021-04-08
"Chemist, analytical","Lowe, Barnes and Thomas","New Lucasbury, AP",2021-04-08
Equities trader,Macdonald-Ferguson,"Maloneshire, AE",2021-04-08
"Scientist, research (maths)","Manning, Welch and Herring","Laurenland, AE",2021-04-08
"Engineer, automotive",Martinez-Berry,"New Jeffrey, AP",2021-04-08
Python Programmer (Entry-Level),Mathews Inc,"Robertborough, AP",2021-04-08
"Producer, radio","May, Taylor and Fisher","Davidside, AA",2021-04-08
"Production assistant, radio",Mcgee PLC,"Laurentown, AP",2021-04-08
Textile designer,Meyers-Johnson,"Port Jonathan, AE",2021-04-08
Writer,"Mitchell, Jones and Olson","Josephbury, AE",2021-04-08
Software Developer (Python),Moreno-Rodriguez,"Martinezburgh, AE",2021-04-08
Broadcast engineer,"Morgan, Butler and Bennett","Loribury, AA",2021-04-08
Bonds trader,"Morgan, White and Macdonald","Port Coryton, AE",2021-04-08
Python Programmer (Entry-Level),"Moss, Duncan and Allen","Port Sara, AE",2021-04-08
Museum/gallery exhibitions officer,"Nguyen, Yoder and Petty","Lake Abigail, AE",2021-04-08
Printmaker,Oliver and Sons,"North Patty, AE",2021-04-08
"Teacher, primary school","Oliver, Jones and Ramirez","Cindyshire, AA",2021-04-08
Furniture designer,Ortega-Lawrence,"North Tiffany, AA",2021-04-08
Medical physicist,"Parker, Goodwin and Zavala","Bellberg, AP",2021-04-08
English as a second language teacher,"Parker, Murphy and Brooks","Mitchellburgh, AE",2021-04-08
Insurance underwriter,Patterson-Singh,"East Thomas, AE",2021-04-08
Clinical cytogeneticist,"Patton, Haynes and Jones","Lloydton, AP",2021-04-08
Senior Python Developer,"Payne, Roberts and Davis","Stewartbury, AA",2021-04-08
"Designer, multimedia",Pierce-Herrera,"South Timothyburgh, AP",2021-04-08
Structural engineer,Pierce-Long,"Herbertside, AA",2021-04-08
Product manager,Ramirez Inc,"North Jamieview, AP",2021-04-08
Warden/ranger,Riley-Johnson,"South Saratown, AP",2021-04-08
Python Developer,Rivera and Sons,"East Michaelfort, AA",2021-04-08
Editorial assistant,Robinson-Fitzpatrick,"Amyborough, AA",2021-04-08
Medical technical officer,Rogers-Yates,"Davidville, AP",2021-04-08
Audiological scientist,Salazar-Meyers,"Williamsburgh, AE",2021-04-08
Fitness centre manager,Savage-Bradley,"East Seanview, AP",2021-04-08
Futures trader,Schneider-Brady,"North Jason, AE",2021-04-08
Psychiatrist,Silva-King,"Burnettbury, AE",2021-04-08
Materials engineer,Smith and Sons,"South Davidtown, AP",2021-04-08
Historic buildings inspector/conservation officer,Smith LLC,"North Brandonville, AP",2021-04-08
Counselling psychologist,Smith PLC,"Port Devonville, AE",2021-04-08
Cytogeneticist,Smith-Wong,"Lake Destiny, AP",2021-04-08
Make,Snyder-Lee,"Angelastad, AP",2021-04-08
Sports therapist,Spencer and Sons,"Hullview, AA",2021-04-08
Manufacturing systems engineer,Stanley-Frederick,"Stevensland, AP",2021-04-08
"Back-End Web Developer (Python, Django)",Stewart-Alexander,"South Kimberly, AA",2021-04-08
"Engineer, broadcasting (operations)",Taylor PLC,"Gileston, AA",2021-04-08
Data scientist,Thomas Group,"Port Robertfurt, AA",2021-04-08
Sales executive,"Thompson, Sheppard and Ward","Alberttown, AE",2021-04-08
"Designer, fashion/clothing",Vasquez Ltd,"New Kelly, AP",2021-04-08
Energy engineer,Vasquez-Davidson,"Christopherville, AA",2021-04-08
Immigration officer,Walker-Simpson,"Christopherport, AP",2021-04-08
Air broker,Washington PLC,"West Colin, AP",2021-04-08
Barrister,Washington-Castillo,"Perezton, AE",2021-04-08
Photographer,"Waters, Wilson and Hoover","Reynoldsville, AA",2021-04-08
Newspaper journalist,"Williams, Peterson and Rojas","Johnsonton, AA",2021-04-08
Print production planner,Wood Inc,"Port Jeremy, AA",2021-04-08
Database administrator,Yates-Ferguson,"Port Susan, AE",2021-04-08
