Job Title,Company,Location,Date Posted
Senior Python Developer,"Payne, Roberts and Davis","Stewartbury, AA",2021-04-08
Energy engineer,Vasquez-Davidson,"Christopherville, AA",2021-04-08
Legal executive,"Jackson, Chambers and Levy","Port Ericaburgh, AA",2021-04-08
Fitness centre manager,Savage-Bradley,"East Seanview, AP",2021-04-08
Product manager,Ramirez Inc,"North Jamieview, AP",2021-04-08
Medical technical officer,Rogers-Yates,"Davidville, AP",2021-04-08
Physiological scientist,Kramer-Klein,"South Christopher, AE",2021-04-08
Textile designer,Meyers-Johnson,"Port Jonathan, AE",2021-04-08
Television floor manager,Hughes-Williams,"Osbornetown, AE",2021-04-08
Waste management officer,"Jones, Williams and Villa","Scotttown, AP",2021-04-08
Software Engineer (Python),Garcia PLC,"Ericberg, AE",2021-04-08
Interpreter,Gregory and Sons,"Ramireztown, AE",2021-04-08
Architect,"Clark, Garcia and Sosa","Figueroaview, AA",2021-04-08
Meteorologist,Bush PLC,"Kelseystad, AA",2021-04-08
Audiological scientist,Salazar-Meyers,"Williamsburgh, AE",2021-04-08
English as a second language teacher,"Parker, Murphy and Brooks","Mitchellburgh, AE",2021-04-08
Surgeon,Cruz-Brown,"West Jessicabury, AA",2021-04-08
Equities trader,Macdonald-Ferguson,"Maloneshire, AE",2021-04-08
Newspaper journalist,"Williams, Peterson and Rojas","Johnsonton, AA",2021-04-08
Materials engineer,Smith and Sons,"South Davidtown, AP",2021-04-08
Python Programmer (Entry-Level),"Moss, Duncan and Allen","Port Sara, AE",2021-04-08
Product/process development scientist,Gomez-Carroll,"Marktown, AA",2021-04-08
"Scientist, research (maths)","Manning, Welch and Herring","Laurenland, AE",2021-04-08
Ecologist,"Lee, Gutierrez and Brown","Lauraton, AP",2021-04-08
Materials engineer,"Davis, Serrano and Cook","South Tammyberg, AP",2021-04-08
